{
  "version": 6,
  "configurePresets": [
    {
      "name": "ci-base",
      "displayName": "Basic Config",
      "description": "Basic build using Ninja generator",
      "generator": "Ninja",
      "hidden": true,
      "binaryDir": "${sourceParentDir}/build/${presetName}",
      "installDir": "${sourceParentDir}/install/${presetName}"
    },
    {
      "name": "ci-x64",
      "architecture": {
        "value": "x64",
        "strategy": "external"
      },
      "hidden": true
    },
    {
      "name": "ci-x86",
      "architecture": {
        "value": "Win32",
        "strategy": "external"
      },
      "hidden": true
    },
    {
      "name": "ci-arm64",
      "architecture": {
        "value": "ARM64",
        "strategy": "external"
      },
      "hidden": true
    },
    {
      "name": "ci-Debug",
      "cacheVariables": {
        "CMAKE_BUILD_TYPE": "Debug"
      },
      "hidden": true
    },
    {
      "name": "ci-Release",
      "cacheVariables": {
        "CMAKE_BUILD_TYPE": "RelWithDebInfo"
      },
      "hidden": true
    },
    {
      "name": "ci-MSVC",
      "hidden": true,
      "cacheVariables": {
        "CMAKE_C_COMPILER": "cl",
        "CMAKE_CXX_COMPILER": "cl"
      },
      "condition": {
        "type": "equals",
        "lhs": "${hostSystemName}",
        "rhs": "Windows"
      }
    },
    {
      "name": "ci-macos-arm64",
      "hidden": true,
      "cacheVariables": {
        "CMAKE_OSX_ARCHITECTURES": "arm64"
      },
      "condition": {
        "type": "equals",
        "lhs": "${hostSystemName}",
        "rhs": "Darwin"
      }
    },
    {
      "name": "ci-macos-x86_64",
      "hidden": true,
      "cacheVariables": {
        "CMAKE_OSX_ARCHITECTURES": "x86_64"
      },
      "condition": {
        "type": "equals",
        "lhs": "${hostSystemName}",
        "rhs": "Darwin"
      }
    },
    {
      "name": "ci-Clang",
      "hidden": true,
      "cacheVariables": {
        "CMAKE_TOOLCHAIN_FILE": "config/toolchain/clang.cmake"
      }
    },
    {
      "name": "ci-GNUC",
      "hidden": true,
      "cacheVariables": {
        "CMAKE_TOOLCHAIN_FILE": "config/toolchain/gcc.cmake"
      },
      "condition": {
        "type": "equals",
        "lhs": "${hostSystemName}",
        "rhs": "Linux"
      }
    },
    {
      "name": "ci-Intel",
      "hidden": true
    },
    {
      "name": "ci-Fortran",
      "hidden": true,
      "cacheVariables": {
        "H5EX_BUILD_FORTRAN": "ON"
      }
    },
    {
      "name": "ci-Fortran-Clang",
      "hidden": true,
      "inherits": "ci-Fortran",
      "cacheVariables": {
        "CMAKE_Fortran_COMPILER":  {"type": "FILEPATH", "value": "gfortran"}
      },
      "condition": {
        "type": "matches",
        "string": "${presetName}",
        "regex": ".*-Clang"
      }
    },
    {
      "name": "ci-CPP",
      "hidden": true,
      "cacheVariables": {
        "H5EX_BUILD_CXX": "ON"
      }
    },
    {
      "name": "ci-Java",
      "hidden": true,
      "cacheVariables": {
        "H5EX_BUILD_JAVA": "ON"
      }
    },
    {
      "name": "ci-x64-Debug-MSVC",
      "description": "MSVC for x64 (Debug)",
      "hidden": true,
      "inherits": [
        "ci-base",
        "ci-x64",
        "ci-Debug",
        "ci-MSVC"
      ]
    },
    {
      "name": "ci-x64-Release-MSVC",
      "description": "MSVC for x64 (Release)",
      "hidden": true,
      "inherits": [
        "ci-base",
        "ci-x64",
        "ci-Release",
        "ci-MSVC"
      ]
    },
    {
      "name": "ci-x64-Debug-Clang",
      "description": "Clang/LLVM for x64 (Debug)",
      "hidden": true,
      "inherits": [
        "ci-base",
        "ci-x64",
        "ci-Debug",
        "ci-Clang"
      ]
    },
    {
      "name": "ci-x64-Release-Clang",
      "description": "Clang/LLVM for x64 (Release)",
      "hidden": true,
      "inherits": [
        "ci-base",
        "ci-x64",
        "ci-Release",
        "ci-Clang"
      ]
    },
    {
      "name": "ci-x64-Debug-GNUC",
      "description": "GNUC for x64 (Debug)",
      "hidden": true,
      "inherits": [
        "ci-base",
        "ci-x64",
        "ci-Debug",
        "ci-GNUC"
      ]
    },
    {
      "name": "ci-x64-Release-GNUC",
      "description": "GNUC for x64 (Release)",
      "hidden": true,
      "inherits": [
        "ci-base",
        "ci-x64",
        "ci-Release",
        "ci-GNUC"
      ]
    },
    {
      "name": "ci-macos-arm64-Debug-Clang",
      "description": "Clang/LLVM for x64 (Debug)",
      "hidden": true,
      "inherits": [
        "ci-base",
        "ci-macos-arm64",
        "ci-Debug",
        "ci-Clang"
      ]
    },
    {
      "name": "ci-macos-arm64-Release-Clang",
      "description": "Clang/LLVM for x64 (Release)",
      "hidden": true,
      "inherits": [
        "ci-base",
        "ci-macos-arm64",
        "ci-Release",
        "ci-Clang"
      ]
    },
    {
      "name": "ci-macos-arm64-Debug-GNUC",
      "description": "GNUC for x64 (Debug)",
      "hidden": true,
      "inherits": [
        "ci-base",
        "ci-macos-arm64",
        "ci-Debug",
        "ci-GNUC"
      ]
    },
    {
      "name": "ci-macos-arm64-Release-GNUC",
      "description": "GNUC for x64 (Release)",
      "hidden": true,
      "inherits": [
        "ci-base",
        "ci-macos-arm64",
        "ci-Release",
        "ci-GNUC"
      ]
    },
    {
      "name": "ci-x64-Debug-Intel",
      "description": "Intel for x64 (Debug)",
      "hidden": true,
      "inherits": [
        "ci-base",
        "ci-x64",
        "ci-Debug",
        "ci-Intel"
      ]
    },
    {
      "name": "ci-x64-Release-Intel",
      "description": "Intel for x64 (Release)",
      "hidden": true,
      "inherits": [
        "ci-base",
        "ci-x64",
        "ci-Release",
        "ci-Intel"
      ]
    }
  ],
  "buildPresets": [
    {
      "name": "ci-base",
      "configurePreset": "ci-base",
      "hidden": true,
      "verbose": true,
      "jobs": 8
    },
    {
      "name": "ci-x64-Debug-MSVC",
      "configurePreset": "ci-x64-Debug-MSVC",
      "hidden": true,
      "inherits": [
        "ci-base"
      ],
      "configuration": "Debug"
    },
    {
      "name": "ci-x64-Release-MSVC",
      "configurePreset": "ci-x64-Release-MSVC",
      "hidden": true,
      "inherits": [
        "ci-base"
      ],
      "configuration": "RelWithDebInfo"
    },
    {
      "name": "ci-x64-Debug-Clang",
      "configurePreset": "ci-x64-Debug-Clang",
      "hidden": true,
      "inherits": [
        "ci-base"
      ]
    },
    {
      "name": "ci-x64-Release-Clang",
      "configurePreset": "ci-x64-Release-Clang",
      "hidden": true,
      "inherits": [
        "ci-base"
      ]
    },
    {
      "name": "ci-x64-Debug-GNUC",
      "configurePreset": "ci-x64-Debug-GNUC",
      "hidden": true,
      "inherits": [
        "ci-base"
      ]
    },
    {
      "name": "ci-x64-Release-GNUC",
      "configurePreset": "ci-x64-Release-GNUC",
      "hidden": true,
      "inherits": [
        "ci-base"
      ]
    },
    {
      "name": "ci-macos-arm64-Debug-Clang",
      "configurePreset": "ci-macos-arm64-Debug-Clang",
      "hidden": true,
      "inherits": [
        "ci-base"
      ]
    },
    {
      "name": "ci-macos-arm64-Release-Clang",
      "configurePreset": "ci-macos-arm64-Release-Clang",
      "hidden": true,
      "inherits": [
        "ci-base"
      ]
    },
    {
      "name": "ci-macos-arm64-Debug-GNUC",
      "configurePreset": "ci-macos-arm64-Debug-GNUC",
      "hidden": true,
      "inherits": [
        "ci-base"
      ]
    },
    {
      "name": "ci-macos-arm64-Release-GNUC",
      "configurePreset": "ci-macos-arm64-Release-GNUC",
      "hidden": true,
      "inherits": [
        "ci-base"
      ]
    },
    {
      "name": "ci-x64-Debug-Intel",
      "configurePreset": "ci-x64-Debug-Intel",
      "hidden": true,
      "inherits": [
        "ci-base"
      ],
      "configuration": "Debug"
    },
    {
      "name": "ci-x64-Release-Intel",
      "configurePreset": "ci-x64-Release-Intel",
      "hidden": true,
      "inherits": [
        "ci-base"
      ],
      "configuration": "RelWithDebInfo"
    }
  ],
  "testPresets": [
    {
      "name": "ci-base",
      "configurePreset": "ci-base",
      "output": {
        "outputOnFailure": false,
        "shortProgress": true,
        "verbosity": "verbose"
      },
      "hidden": true,
      "execution": {
        "noTestsAction": "error",
        "timeout": 600,
        "jobs": 4
      }
    },
    {
      "name": "ci-x64-Debug-MSVC",
      "configurePreset": "ci-x64-Debug-MSVC",
      "hidden": true,
      "inherits": [
        "ci-base"
      ],
      "configuration": "Debug"
    },
    {
      "name": "ci-x64-Release-MSVC",
      "configurePreset": "ci-x64-Release-MSVC",
      "hidden": true,
      "inherits": [
        "ci-base"
      ],
      "configuration": "RelWithDebInfo"
    },
    {
      "name": "ci-x64-Debug-Clang",
      "configurePreset": "ci-x64-Debug-Clang",
      "hidden": true,
      "inherits": [
        "ci-base"
      ]
    },
    {
      "name": "ci-x64-Release-Clang",
      "configurePreset": "ci-x64-Release-Clang",
      "hidden": true,
      "inherits": [
        "ci-base"
      ]
    },
    {
      "name": "ci-x64-Debug-GNUC",
      "configurePreset": "ci-x64-Debug-GNUC",
      "hidden": true,
      "inherits": [
        "ci-base"
      ]
    },
    {
      "name": "ci-x64-Release-GNUC",
      "configurePreset": "ci-x64-Release-GNUC",
      "hidden": true,
      "inherits": [
        "ci-base"
      ]
    },
    {
      "name": "ci-macos-Debug-Clang",
      "configurePreset": "ci-macos-Debug-Clang",
      "hidden": true,
      "inherits": [
        "ci-base"
      ]
    },
    {
      "name": "ci-macos-arm64-Release-Clang",
      "configurePreset": "ci-macos-arm64-Release-Clang",
      "hidden": true,
      "inherits": [
        "ci-base"
      ]
    },
    {
      "name": "ci-macos-arm64-Debug-GNUC",
      "configurePreset": "ci-macos-arm64-Debug-GNUC",
      "hidden": true,
      "inherits": [
        "ci-base"
      ]
    },
    {
      "name": "ci-macos-arm64-Release-GNUC",
      "configurePreset": "ci-macos-arm64-Release-GNUC",
      "hidden": true,
      "inherits": [
        "ci-base"
      ]
    },
    {
      "name": "ci-x64-Debug-Intel",
      "configurePreset": "ci-x64-Debug-Intel",
      "hidden": true,
      "inherits": [
        "ci-base"
      ]
    },
    {
      "name": "ci-x64-Release-Intel",
      "configurePreset": "ci-x64-Release-Intel",
      "hidden": true,
      "inherits": [
        "ci-base"
      ]
    }
  ],
  "packagePresets": [
    {
      "name": "ci-base",
      "hidden": true,
      "output": {
        "verbose": true
      }
    },
    {
      "name": "ci-x64-Release-MSVC",
      "configurePreset": "ci-x64-Release-MSVC",
      "hidden": true,
      "inherits": "ci-base",
      "configurations": ["RelWithDebInfo"]
    },
    {
      "name": "ci-x64-Release-Clang",
      "configurePreset": "ci-x64-Release-Clang",
      "hidden": true,
      "inherits": "ci-base"
    },
    {
      "name": "ci-x64-Release-GNUC",
      "configurePreset": "ci-x64-Release-GNUC",
      "hidden": true,
      "inherits": "ci-base"
    },
    {
      "name": "ci-macos-arm64-Release-Clang",
      "configurePreset": "ci-macos-arm64-Release-Clang",
      "hidden": true,
      "inherits": "ci-base"
    },
    {
      "name": "ci-macos-arm64-Release-GNUC",
      "configurePreset": "ci-macos-arm64-Release-GNUC",
      "hidden": true,
      "inherits": "ci-base"
    },
    {
      "name": "ci-x64-Release-Intel",
      "configurePreset": "ci-x64-Release-Intel",
      "hidden": true,
      "inherits": "ci-base"
    }
  ]
}
